id,token_or_component,layer,light_evidence,dark_counterpart_status,dark_evidence,consumers_count,gap,severity,classification,notes
A4-R01,canvas (--color-bg-canvas),Micro runtime alias (index.css :root),index.css:57 → var(--vf-canvas) #faf9f5 (vf-tokens.css:25),PRESENT,index.css:111 → #1c1917 (retired v0),9 css refs + html/body background (index.css:159/165/193),Value is retired v0 canvas; unaudited (not in APPROVED_18/MICRO_KEPT/RETIRED registries); also feeds ThemeContext meta rewrite (ThemeContext.tsx:53),MEDIUM,SAFE_TO_DEFER,"Re-declared under .dark; resolves, but contradicts D-01 adoption and is unratified"
A4-R02,surface (--color-surface),Micro runtime alias,index.css:59 → var(--vf-surface) #ffffff,PRESENT,index.css:113 → #27231f,60 css refs,Retired v0 value; text on it (dark alias text #fff7ed) passes 14.7:1 but --vf-ink bound text on it fails 1.18:1 (see A4-R23),MEDIUM,SAFE_TO_DEFER,"Alias adapts; consumers mixing --vf-* text on it break (primitives)"
A4-R03,surface-raised / well (--color-bg-well),Micro runtime alias,index.css:58 → var(--vf-recessed) #f0eee6,PRESENT,index.css:112 → #332d27,37 css refs,Retired v0; all soft bgs collapse to #332d27 (index.css:384 comment); tone separation becomes border-only (index.css:386-394),MEDIUM,SAFE_TO_DEFER,"Documented structural-separation rule for dark already present"
A4-R04,border (--color-border),Micro runtime alias,index.css:60 → var(--vf-tint) #e8e6dc (quiet hairline tier),PRESENT,index.css:114 → #51473c,119 css refs + primitives.css:52/135/173/304/385,Dark hairline vs dark surface = 1.72:1 (below 3:1 non-text floor for structural separators),MEDIUM,SAFE_TO_DEFER,"Resolves but sub-floor contrast; unaudited value"
A4-R05,divider (--color-divider),Micro runtime alias,index.css:61 → var(--vf-soft) #d1cfc5,PRESENT,index.css:115 → #62564b,10 css refs,2.19:1 vs dark surface — sub-floor non-text contrast (scrolled header hairline index.css:205; sheet handle index.css:845),MEDIUM,SAFE_TO_DEFER,"Resolves but sub-floor"
A4-R06,text primary/strong (--color-text-primary/--color-text-strong),Micro runtime alias,index.css:62-63 → var(--vf-ink) #141413,PRESENT,index.css:116-117 → #fff7ed,89+11 css refs,16.47:1 on dark canvas — passes; retired v0 cream ink,LOW,SAFE_TO_DEFER,""
A4-R07,text secondary (--color-text-secondary),Micro runtime alias,index.css:64 → var(--vf-ink-secondary) #4d4c48,PRESENT,index.css:118 → #d6c9ba,179 css refs,9.6:1 on dark surface — passes,LOW,SAFE_TO_DEFER,""
A4-R08,text tertiary (tier),Standard contract + primitive binding,vf-tokens.css:38 --vf-ink-tertiary #6b6962; Micro alias removed as dead in W6 (W5_W6_W7_REPORTS.md:31),MISSING,No .dark declaration; --vf-ink-tertiary keeps light value,ghost button (primitives.css:83/165) 1 direct css consumer + --vf-ink-tertiary,In dark ghost text = 3.18:1 < 4.5:1 (floor); tier has no mode-adaptive name at all,HIGH,SAFE_TO_DEFER,"Root cause: text roles bound to light-only --vf-* names (A4-F02)"
A4-R09,brand / identity (--color-brand-primary),Micro runtime alias,index.css:65 → var(--vf-clay) #d97757,PRESENT (contradictory),index.css:119 → #d59172 (retired v0 brand),11 css refs,Contradicts D-01/U-01 ratified adoption (v0 incumbent #cc785c family retired),MEDIUM,SAFE_TO_DEFER,"Identity drift between themes"
A4-R10,brand pressed (--color-brand-pressed),Micro runtime alias,index.css:66 → var(--vf-clay-interactive); index.css:120 → #cc785c (RETIRED value per vf-tokens.test.ts:48-64),PRESENT (dead + contradictory),index.css:120,0 consumers,Dead token mirror in both :root and .dark; dark value is on the RETIRED list,LOW,SAFE_TO_DEFER,"Cleanup candidate; W6 removed 3 dead mirrors — this one survives"
A4-R11,brand text / wordmark (--color-brand-text),Micro runtime alias,index.css:67 → var(--vf-ink) (U-02: brand text is text-safe ink),PRESENT (contradictory),index.css:121 → #8fd5d6 teal,10 css refs (wordmark index.css:243; eyebrows index.css:338; decision labels index.css:534; setting/sheet icons index.css:655),Reintroduces retired teal as brand text — direct U-02 violation in dark (light layer retired teal #057b7c),MEDIUM,SAFE_TO_DEFER,"Contradicts ratified link/ink decision inside the preserved block"
A4-R12,accent / chosen-current edge (--color-accent-primary),Micro runtime alias,index.css:69 → var(--vf-clay-interactive) #c96442,PRESENT (contradictory),index.css:123 → #5ec0c1 teal,45 css refs,Selected/current edge becomes teal in dark — contradicts the ratified Clay-edge selection contract (component-contracts),MEDIUM,SAFE_TO_DEFER,""
A4-R13,interactive ink / links / focus ink (--color-accent-text),Micro runtime alias,index.css:70 → var(--vf-ink) (U-02: teal retired),PRESENT (contradictory),index.css:124 → #8fd5d6 teal; --ring → var(--color-accent-text) index.css:150,69 css refs + base focus outline (index.css:180-184) + nav active (index.css:786) + field focus (index.css:1076-1077),Teal focus/links in dark; contrast itself passes (8.19:1) but violates U-02,MEDIUM,SAFE_TO_DEFER,""
A4-R14,selected/hover quiet surface (--color-accent-soft),Micro runtime alias,index.css:71 → var(--vf-tint),PRESENT,index.css:125 → #332d27,23 css refs,Resolves; collapses into the shared dark soft color,LOW,SAFE_TO_DEFER,""
A4-R15,success pair (--color-success-text/--color-success-bg),Micro-kept pair (index.css:72-75),index.css:72-75 #256b4a/#e4f2ea,PRESENT,index.css:126-127 → #7fc49e/#332d27,16+4 css refs,6.66:1 — passes text floor in dark,LOW,SAFE_TO_DEFER,""
A4-R16,error/destructive pair (--color-danger-text/--color-danger-bg),Micro runtime alias,index.css:76-77 → var(--vf-error) #b53333 / var(--vf-ground),PRESENT,index.css:128-129 → #e47975/#332d27,14+4 css refs,4.72:1 — passes; note light-theme --vf-error #b53333 bound directly by primitives is the one that fails on dark (A4-F02),LOW,SAFE_TO_DEFER,""
A4-R17,warning pair (--color-warning-text/--color-warning-bg),Micro-kept pair (index.css:78-80),index.css:78-80 #7a5c20/#f6eccf,PRESENT,index.css:130-131 → #e2c268/#332d27,62+20 css refs,7.86:1 — passes,LOW,SAFE_TO_DEFER,""
A4-R18,ink on color (--color-ink-on-color),Micro runtime alias,index.css:81 → var(--vf-ink) #141413,MISSING,Not re-declared in .dark; resolves to light ink #141413,3 refs inside .dark (--primary-foreground index.css:139; --secondary-foreground :141; --destructive-foreground :147) + drawer overlay drawer.tsx:29,Accidental pass: #141413 on v0 clay #d59172 = 7.13:1 and on teal #5ec0c1 = 8.6:1 — contrast holds by coincidence not by decision; drawer overlay scrim derives from it,MEDIUM,SAFE_TO_DEFER,"Un-reviewed binding; a future dark palette must re-derive it"
A4-R19,scrim (--vf-scrim),Standard derivative,"vf-tokens.css:159 rgba(20;20;19;0.45); consumed index.css:673 (.micro-dialog-overlay)",PARTIAL,No dark re-declaration; same value used in dark,2 css consumers + drawer.tsx:29 equivalent,45% black scrim plausibly works over dark content but is undocumented/untested for dark; semantic-roles proposal lists scrim as a role,MEDIUM,SAFE_TO_DEFER,""
A4-R20,elevation (--elevation-1/2/3),Micro runtime alias,"vf-tokens.css:153-156 warm rgba(60;50;40;x)",PRESENT,"index.css:108-110 stronger black rgba(0;0;0;x) shadows",16+1+3 css refs,Resolves; only dark-layer tokens with deliberate (non-v0-palette) values,LOW,SAFE_TO_DEFER,""
A4-R21,Standard --vf-* contracts (18 values + action bindings),Standard token layer,vf-tokens.css:23-167 (single owner of Standard hex),MISSING (by design),No .dark re-declaration anywhere (only .dark block in index.css:107-151 re-declares Micro alias names),~76 var() refs in primitives.css + 35 in index.css :root,All --vf-* keep LIGHT values under .dark — the documented design (vf-tokens.css:16-17; SOURCE_OF_TRUTH_MATRIX.md:57); becomes the failure source for text bindings (A4-F02),HIGH,SAFE_TO_DEFER,"By-design light-only until semantic layer exists"
A4-R22,focus ring (buttons/links),Base layer,index.css:180-184 outline 2px var(--color-accent-text),PRESENT (contradictory),--color-accent-text → teal #8fd5d6,all buttons/links (global rule),Visible (8.19:1) but teal contradicts U-02 focus-ink decision,MEDIUM,SAFE_TO_DEFER,""
A4-R23,disabled state,Base layer + primitives,index.css:483-491 opacity 0.5 + primitives.css:114-117/238-241,NOT-APPLICABLE,Mode-independent (opacity),global,Mechanism is color-independent; passes in both themes,LOW,SAFE_TO_DEFER,""
A4-R24,selected state (ChoiceRow/ChoiceButton 2px edge + dot + weight),Primitives (W2),primitives.css:242-253 inset 2px var(--vf-clay-interactive) + ::before dot,PARTIAL,No dark counterpart; edge #c96442 renders on the LIGHT tint island (--vf-btn-secondary-bg #e8e6dc) = 3.12:1 pass,8 ChoiceButton/ChoiceRow usages (claim 2; matrix MIGRATION_STATUS.md:8),The control itself stays a light island in dark (missing counterpart); internal contrast holds; weight + dot non-color cues survive,HIGH,SAFE_TO_DEFER,"Selection contract intact semantically; surface parity missing"
A4-R25,pressed/active states,Primitives + shell,primitives.css:111-113/127-129/137-140/146-148/154-156/185-187 (scale + inset edges),PARTIAL,Transforms are mode-independent; color presses use --vf-* (stay light) on light islands,all 299 Button usages,Save pressed 2px edge #c96442 visible on light island; commit pressed #3d3d3a invisible boundary on dark (1.18:1),MEDIUM,SAFE_TO_DEFER,""
A4-R26,Button — create (Clay fill + dark ink),Primitives (W2),primitives.css:123-129 (--vf-btn-create-bg #d97757 / --vf-btn-create-ink #141413 / pressed #c96442),MISSING,No dark binding; stays light Clay with dark ink,17 usages (claim 2),Light island: internally 5.90:1 pass; boundary vs dark canvas 6.76:1 pass; identity divergence (light uses ratified #d97757; dark alias --color-brand-primary is v0 #d59172 for FAB) — two different clays across themes,MEDIUM,SAFE_TO_DEFER,""
A4-R27,Button — save (warm base + 2px clay-interactive edge),Primitives (W2),primitives.css:132-140 (--vf-btn-save-bg #f5f4ed / ink #141413 / inset edge),MISSING,No dark binding; stays warm-light island,73 usages incl. StartupGate retry (StartupGate.tsx:84),Island boundary 14.14:1 vs dark card — readable but jarring; edge passes on island,MEDIUM,SAFE_TO_DEFER,""
A4-R28,Button — commit (warm-ink fill + white text),Primitives (W2),primitives.css:142-148 (--vf-btn-primary-bg #141413 / ink white / pressed #3d3d3a),MISSING (BROKEN),No dark binding; fill #141413 on dark surface #27231f = 1.18:1,8 + 1 conditional usages (claim 2),High-consequence action button becomes effectively invisible (non-text boundary floor 3:1 failed by 60%),HIGH,SAFE_TO_DEFER,"Worst activation break: the most consequential control disappears"
A4-R29,Button — secondary (neutral tint + ink),Primitives (W2),primitives.css:150-156 (#e8e6dc / #141413 / pressed #d1cfc5),MISSING,No dark binding; light tint island,158 usages (45 nav + 113 neutral; claim 2),Internally 14.73:1; island vs dark card 13+:1 — readable light island,MEDIUM,SAFE_TO_DEFER,""
A4-R30,Button — outline (white surface + interactive boundary),Primitives (W2),primitives.css:158-162 (#ffffff / #87867f border / #141413),MISSING,No dark binding; white island,0 TSX consumers today (class defined; outline actions classified as secondary per claim 2),Readable white island; border #87867f on white 3.0+:1 pass,LOW,SAFE_TO_DEFER,"Defined-but-unused action class; parity debt only if adopted"
A4-R31,Button — ghost (tertiary ink transparent),Primitives (W2),primitives.css:164-167 (--vf-btn-ghost-ink = --vf-ink-tertiary #6b6962),MISSING (BROKEN),No dark binding; transparent bg,0 TSX consumers today (class defined; verified action="ghost" = 0),3.18:1 on dark canvas — below 4.5:1 text floor; would FAIL if adopted,HIGH,SAFE_TO_DEFER,"Latent: no live consumer yet — fix before any ghost adoption"
A4-R32,Button — quiet (correction/reversal entries),Primitives (W2),primitives.css:171-178 (--vf-ink text / --color-border hairline / transparent),MISSING (BROKEN),No dark binding,36 usages (claim 2),Text #141413 on dark = 1.05–1.18:1 INVISIBLE; hairline border 1.72:1 — the documented financial correction/reversal entries become unusable,HIGH,SAFE_TO_DEFER,"Critical financial touchpoints (MR-03) fail first"
A4-R33,Button — destructive (error ink + outline),Primitives (W2),primitives.css:180-187 (--vf-btn-destructive-ink #b53333 / border / white bg),MISSING,No dark binding; white island,internal; 1 destructive + 8 danger→destructive (claim 2),Internally 6.02:1 pass on white island; error ink on dark surfaces elsewhere (InlineError) fails 2.59:1,MEDIUM,SAFE_TO_DEFER,""
A4-R34,StatusChip (pending/unknown/success/failure),Primitives (W2),primitives.css:46-77 white surface + ink word + data-tone markers (--vf-success 3.27 / status 3.25 / info 3.87 / error 6.02 on white),PARTIAL,No dark counterpart; chip remains white island preserving the 3:1 marker grammar,4 StatusChip usages + tone bindings (stateAdapter.ts:35),Island keeps marker contrast floors intact (by design — marks bound to white Surface); visually loud against dark canvas; word ink #141413 on white passes,MEDIUM,SAFE_TO_DEFER,"Semantic grammar survives; surface parity missing"
A4-R35,EmptyState (incl. honest-state slot),Primitives (W2),primitives.css:424-459 (symbol --vf-tint bg + --vf-ink-secondary; title --vf-ink; description --vf-ink-secondary),MISSING (BROKEN),No dark counterpart,8 EmptyState usages + 6 micro-prim-empty class refs,Title #141413 on dark canvas/card 1.05–1.18:1 INVISIBLE; description 1.81:1 fail; symbol is a light tint island,HIGH,SAFE_TO_DEFER,"Honest-void contract (word+marker) survives but is unreadable"
A4-R36,Notice / InlineError,Primitives (W2),primitives.css:259-282 (--vf-recessed bg + --vf-ink; error variant --vf-error ink; error-inline transparent + 3px --vf-error edge),PARTIAL,No dark counterpart,3 Notice + 1 InlineError + FeedbackNote routing,Notice = light island (internally fine); InlineError text #b53333 on dark card 2.59:1 FAIL — in-form error recovery unreadable,HIGH,SAFE_TO_DEFER,""
A4-R37,FeedbackNote (mixed-channel classifier; failure-text-as-success fix W7),Primitives (W2),Notice.tsx:77-97 (routes تم→QuietCompletion; advisory→Notice; else InlineError),PARTIAL,Inherits Notice/InlineError dark state,8 usages (CostEditor/Catalog/DirectSaleEditor/DraftEditor/InventoryMaterials/Settings×3),Classifier logic is theme-independent (correct); presentation inherits the PARTIAL/BROKEN notice states,MEDIUM,SAFE_TO_DEFER,"W7 HIGH-1 fix holds semantically in dark; rendering breaks for the error channel"
A4-R38,QuietCompletion (ink check on warm surface),Primitives (W2),primitives.css:259-269 + Notice.tsx:39-50 (check marker in --vf-ink on --vf-recessed),PARTIAL,No dark counterpart; light island,2 direct + FeedbackNote routing,Word+shape meaning survives; island readable internally,MEDIUM,SAFE_TO_DEFER,""
A4-R39,Row primitive (titles/captions/lead/state/trailing),Primitives (W2),primitives.css:294-365 (title --vf-ink; caption --vf-ink-secondary; lead --vf-recessed bg + --vf-ink-secondary; stripes --vf-success/error/info),MISSING (BROKEN),No dark counterpart,9 micro-prim-row class refs + Row.tsx,Title 1.18:1 INVISIBLE on dark cards; caption 1.81:1 fail; lead = light island; stripe hues #629987/#2c84db on dark 2.3-2.9:1 below 3:1 non-text floor,HIGH,SAFE_TO_DEFER,"Core data-row reading surface fails"
A4-R40,Field primitive (label/input/hint/error),Primitives (W2),primitives.css:370-421 (label --vf-ink; input --vf-surface white + --vf-ink; focus --vf-focus #141413; error --vf-error),PARTIAL,No dark counterpart (0 <Field> adopters today — MIGRATION_STATUS.md:20),0 component usages; 5 micro-prim-field class refs in tests/css only,Label would be INVISIBLE (1.18:1) on dark cards; input = white island; not yet adopted by forms so blast radius currently zero,MEDIUM,SAFE_TO_DEFER,"Must be fixed before Field-convergence wave (owner decision #3)"
A4-R41,markers (dot/partial/tilde non-color signals),Primitives (W2),primitives.css:19-41 (--vf-ink-secondary #4d4c48),MISSING (BROKEN),No dark counterpart,8 micro-prim-marker refs + StateMarker,1.81:1 on dark — below 3:1 non-text floor; knowledge-state dots become near-invisible,MEDIUM,SAFE_TO_DEFER,"Non-color semantics survive (shape) but the mark itself fades"
A4-R42,MoneyWithUnit (unit ink),Primitives (W2),primitives.css:479-484 (--vf-ink-secondary),MISSING (BROKEN),No dark counterpart,1 component + class refs,Unit suffix 1.81:1 on dark — fail,LOW,SAFE_TO_DEFER,""
A4-R43,legacy .micro-field family (forms),Feature CSS (index.css),index.css:1018-1082 (--color-* aliases; focus --color-accent-primary + 18% mix; error --color-danger-text),PRESENT,Aliases re-declared under .dark (teal focus; #e47975 error on #332d27 = 4.72:1 pass),411 class refs (dominant form family),Adapts to dark; focus ring teal contradicts U-02; error text passes,LOW,SAFE_TO_DEFER,""
A4-R44,table rows zebra/hover (financial pulse / period result / position cards),Feature CSS (index.css),index.css:1834-1839/2151-2154/2310-2318 (--color-border separators; hover --color-bg-well at 4767 etc.),PRESENT,Aliases re-declared under .dark,3+4+3 class refs,Separators 1.72:1 sub-floor in dark (structure readable via layout); text aliases pass,MEDIUM,SAFE_TO_DEFER,""
A4-R45,event rows (micro-event-row reversed states),Feature CSS (index.css),index.css:6172-6187 (--color-* aliases),PRESENT,Aliases adapt,3 class refs,Resolves; reversed emphasis carries via weight not color,LOW,SAFE_TO_DEFER,""
A4-R46,sheets/dialogs (bottom sheet / dialog / scrim / elevation),Feature CSS (index.css),index.css:669-708 + 832-849 (--color-surface fill; --vf-scrim; --elevation-3),PARTIAL,Surface/elevation adapt under .dark; --vf-scrim static,3 dialog + 2 bottom-sheet refs (+QuickActionSheet via Drawer),Dark sheet surfaces fine; scrim is an untested static derivative; sheet action rows (index.css:940-978) adapt,MEDIUM,SAFE_TO_DEFER,""
A4-R47,charts (series colors / loading / nodata / zero),Primitives + Standard,NO live consumers — zero chart matches in client/src (grep chart|Chart|series = 0); floors recorded for first chart (MIGRATION_STATUS.md item 5; U-16),NOT-APPLICABLE,N/A — semantic-roles proposal reserves chart-1..n roles,0,N/A — Standard restraint rule (color-system.md:45) governs; honest-zero handling exists in stateAdapter (measured-zero),LOW,OUT_OF_SCOPE,"Recorded acceptance criteria exist; no dark work possible yet"
A4-R48,legends,Data display,Same as charts — no live consumers,NOT-APPLICABLE,N/A,0,N/A,LOW,OUT_OF_SCOPE,""
A4-R49,calendar/schedule (month grid/cells/selected/hover),Feature CSS (index.css),index.css:3326-3485+ (--color-* aliases; selected 2px --color-accent-primary; hover --color-accent-soft),PRESENT,Aliases adapt (selected edge becomes teal #5ec0c1 in dark),6 micro-month-cell refs + panel classes,Resolves; selected/hover teal contradicts U-02 selection-ink decision; contrast passes (8.15:1),MEDIUM,SAFE_TO_DEFER,""
A4-R50,filters (period range / suggest chips),Feature CSS (index.css),index.css:5401-5403 (.micro-chip button:hover --color-bg-well); 5847-5849 (suggest chips) — alias-based,PRESENT,Aliases adapt,chip class refs,Resolves,LOW,SAFE_TO_DEFER,""
A4-R51,bottom navigation,AUX shell (index.css),index.css:737-792 (--color-surface 94% translucent + blur; active --color-accent-text + --color-accent-soft),PRESENT,Adapts (active = teal on #332d27 8.19:1),2 refs (BottomNav.tsx),Teal active state contradicts U-02; translucency derives from dark surface — works,LOW,SAFE_TO_DEFER,""
A4-R52,FAB (create class),AUX shell (index.css),index.css:793-831 (--primary → --vf-action-create; --primary-foreground; hover --vf-clay-interactive direct),PRESENT,.dark: --primary → v0 clay #d59172; --primary-foreground → --color-ink-on-color = #141413,1 ref (MicroAppShell),Contrast holds (7.13:1); identity contradiction — FAB clay differs between themes (v0 #d59172 vs ratified #d97757); hover binds --vf-* directly (light value #c96442 — acceptable visually),MEDIUM,SAFE_TO_DEFER,"Only create-path control that actually re-themes"
A4-R53,AppHeader (sticky + translucent scrolled state),AUX shell (index.css),index.css:195-286 (border --color-border; scrolled: --color-divider + color-mix canvas 92%),PRESENT,Adapts; wordmark/brand-text teal in dark (index.css:121),1 ref (AppHeader.tsx),Resolves; identity ink contradiction; hairline 1.72-2.19:1 sub-floor,LOW,SAFE_TO_DEFER,""
A4-R54,theme toggle affordances,App code,AppHeader.tsx:48-56 (moon/sun icon button) + SettingsAppearanceSection.tsx:34-36 (secondary Button) + App.tsx:13 (ThemeProvider defaultTheme=system switchable),PRESENT (live),Toggle applies .dark class + data-theme + meta rewrite (ThemeContext.tsx:47-59),3 entry points,Toggle is REACHABLE today; OS-dark users get .dark automatically at first load (resolveTheme ThemeContext.tsx:20-23) — the 'not activated' boundary is not runtime-enforced,HIGH,OWNER_DECISION_REQUIRED,"A4-F01: pin light vs accept broken dark is an owner call"
A4-R55,safe areas (env insets),AUX shell,index.css:217/288-298/743 etc. env(safe-area-inset-*),NOT-APPLICABLE,Mode-independent geometry,all shell chrome,No color coupling,LOW,SAFE_TO_DEFER,""
A4-R56,keyboard states (data-keyboard-open),AUX shell,index.css:732-736 hides header/nav,NOT-APPLICABLE,Mode-independent,shell,No color coupling,LOW,SAFE_TO_DEFER,""
A4-R57,reduced motion,Primitives + features,primitives.css:462-470 + index.css:726/2794/3673/5506,NOT-APPLICABLE,Mode-independent,all animated elements,No color coupling; motion floors survive themes,LOW,SAFE_TO_DEFER,""
A4-R58,manifest theme_color / background_color (PWA twin),PWA (vite.config.ts),vite.config.ts:262-263 both #FAF9F5 (light),MISSING,Static manifest — ThemeContext runtime rewrite cannot touch it (rewrites meta tags only; ThemeContext.tsx:54-58),manifest consumers (install splash),Dark install splash stays light; DARK_MODE_BOUNDARY.md rule 5 assumes the rewrite path covers twins — it does not cover the manifest,MEDIUM,SAFE_TO_DEFER,"Plan gap in the boundary doc"
A4-R59,meta theme-color (PWA twin),PWA (index.html + ThemeContext),index.html:9-10 dual media tags (light #faf9f5 / dark #1c1917) + runtime rewrite,PRESENT,Rewrite works mechanically (reads computed --color-bg-canvas → #1c1917 in dark),both meta tags,Dark meta value is the v0 canvas hex pre-baked in HTML; consistent with the .dark block but unaudited,LOW,SAFE_TO_DEFER,""
A4-R60,color-scheme property / native UA widgets,Base layer,ABSENT — no color-scheme or prefers-color-scheme media query in any CSS (grep = 0 hits),MISSING,Nothing declared,all native select/date/scrollbar widgets,Native controls (select dropdowns date pickers scrollbars autofill) render LIGHT inside a dark page even where .micro-field inputs adapt,LOW,SAFE_TO_DEFER,"Dark-wave checklist item"
A4-R61,semantic-roles layer (styles/semantic-roles.css),Proposed layer 2.5,DARK_MODE_BOUNDARY.md:12-24 proposal (surface/surface-raised/text/…/chart-1..n),MISSING,File does not exist (verified: no semantic-roles match anywhere),0 today; would intermediate all .dark bindings,The sanctioned mechanism for a dark wave is unimplemented — as registered (U-03),HIGH,SAFE_TO_DEFER,"Option B work item"
A4-R62,Tailwind dark: variant,Tooling,index.css:10 @custom-variant dark registered,NOT-APPLICABLE,0 usages in TSX (grep dark: = 0),0,Registered but unused; the alias layer is the only active mechanism,LOW,SAFE_TO_DEFER,""
A4-R63,.dark structural tone rules ([data-tone] borders / textures),Dark-only feature CSS,index.css:384-397 + 592-595 (soft-color collapse compensation),PRESENT,index.css:386-394 (tone borders via color-mix of state text); 395-397 texture opacity; 592-595 review pattern screen blend,4 data-tone consumers + textures,Deliberate dark-only structural separation exists — evidence the block was a real theme not a stub; .micro-truth-banner target has 0 TSX consumers (dead rule),LOW,SAFE_TO_DEFER,""
